from_table,from_column,to_table,to_column,relationship_type,status
fact_account_balance_daily,customer_key,dim_customer,customer_key,many_to_one_optional,synthetic_candidate
fact_account_balance_daily,account_key,dim_account,account_key,many_to_one_optional,synthetic_candidate
fact_account_balance_daily,product_key,dim_product,product_key,many_to_one_optional,synthetic_candidate
fact_account_balance_daily,branch_key,dim_branch,branch_key,many_to_one_optional,synthetic_candidate
fact_account_balance_daily,channel_key,dim_channel,channel_key,many_to_one_optional,synthetic_candidate
fact_account_balance_daily,currency_key,dim_currency,currency_key,many_to_one_optional,synthetic_candidate
fact_account_balance_daily,deposit_product_key,dim_deposit_product,deposit_product_key,many_to_one_optional,synthetic_candidate
fact_account_balance_daily,deposit_term_key,dim_deposit_term,deposit_term_key,many_to_one_optional,synthetic_candidate
fact_account_balance_daily,account_status_key,dim_account_status,account_status_key,many_to_one_optional,synthetic_candidate
fact_account_balance_daily,business_date_key,dim_date,date_key,many_to_one_required,synthetic_candidate
fact_account_transaction,customer_key,dim_customer,customer_key,many_to_one_optional,synthetic_candidate
fact_account_transaction,account_key,dim_account,account_key,many_to_one_optional,synthetic_candidate
fact_account_transaction,product_key,dim_product,product_key,many_to_one_optional,synthetic_candidate
fact_account_transaction,branch_key,dim_branch,branch_key,many_to_one_optional,synthetic_candidate
fact_account_transaction,channel_key,dim_channel,channel_key,many_to_one_optional,synthetic_candidate
fact_account_transaction,currency_key,dim_currency,currency_key,many_to_one_optional,synthetic_candidate
fact_account_transaction,deposit_product_key,dim_deposit_product,deposit_product_key,many_to_one_optional,synthetic_candidate
fact_account_transaction,deposit_term_key,dim_deposit_term,deposit_term_key,many_to_one_optional,synthetic_candidate
fact_account_transaction,account_status_key,dim_account_status,account_status_key,many_to_one_optional,synthetic_candidate
fact_account_transaction,business_date_key,dim_date,date_key,many_to_one_required,synthetic_candidate
fact_deposit_balance_daily,customer_key,dim_customer,customer_key,many_to_one_optional,synthetic_candidate
fact_deposit_balance_daily,account_key,dim_account,account_key,many_to_one_optional,synthetic_candidate
fact_deposit_balance_daily,product_key,dim_product,product_key,many_to_one_optional,synthetic_candidate
fact_deposit_balance_daily,branch_key,dim_branch,branch_key,many_to_one_optional,synthetic_candidate
fact_deposit_balance_daily,channel_key,dim_channel,channel_key,many_to_one_optional,synthetic_candidate
fact_deposit_balance_daily,currency_key,dim_currency,currency_key,many_to_one_optional,synthetic_candidate
fact_deposit_balance_daily,deposit_product_key,dim_deposit_product,deposit_product_key,many_to_one_optional,synthetic_candidate
fact_deposit_balance_daily,deposit_term_key,dim_deposit_term,deposit_term_key,many_to_one_optional,synthetic_candidate
fact_deposit_balance_daily,account_status_key,dim_account_status,account_status_key,many_to_one_optional,synthetic_candidate
fact_deposit_balance_daily,business_date_key,dim_date,date_key,many_to_one_required,synthetic_candidate
fact_deposit_interest_accrual,customer_key,dim_customer,customer_key,many_to_one_optional,synthetic_candidate
fact_deposit_interest_accrual,account_key,dim_account,account_key,many_to_one_optional,synthetic_candidate
fact_deposit_interest_accrual,product_key,dim_product,product_key,many_to_one_optional,synthetic_candidate
fact_deposit_interest_accrual,branch_key,dim_branch,branch_key,many_to_one_optional,synthetic_candidate
fact_deposit_interest_accrual,channel_key,dim_channel,channel_key,many_to_one_optional,synthetic_candidate
fact_deposit_interest_accrual,currency_key,dim_currency,currency_key,many_to_one_optional,synthetic_candidate
fact_deposit_interest_accrual,deposit_product_key,dim_deposit_product,deposit_product_key,many_to_one_optional,synthetic_candidate
fact_deposit_interest_accrual,deposit_term_key,dim_deposit_term,deposit_term_key,many_to_one_optional,synthetic_candidate
fact_deposit_interest_accrual,account_status_key,dim_account_status,account_status_key,many_to_one_optional,synthetic_candidate
fact_deposit_interest_accrual,business_date_key,dim_date,date_key,many_to_one_required,synthetic_candidate
fact_deposit_maturity,customer_key,dim_customer,customer_key,many_to_one_optional,synthetic_candidate
fact_deposit_maturity,account_key,dim_account,account_key,many_to_one_optional,synthetic_candidate
fact_deposit_maturity,product_key,dim_product,product_key,many_to_one_optional,synthetic_candidate
fact_deposit_maturity,branch_key,dim_branch,branch_key,many_to_one_optional,synthetic_candidate
fact_deposit_maturity,channel_key,dim_channel,channel_key,many_to_one_optional,synthetic_candidate
fact_deposit_maturity,currency_key,dim_currency,currency_key,many_to_one_optional,synthetic_candidate
fact_deposit_maturity,deposit_product_key,dim_deposit_product,deposit_product_key,many_to_one_optional,synthetic_candidate
fact_deposit_maturity,deposit_term_key,dim_deposit_term,deposit_term_key,many_to_one_optional,synthetic_candidate
fact_deposit_maturity,account_status_key,dim_account_status,account_status_key,many_to_one_optional,synthetic_candidate
fact_deposit_maturity,business_date_key,dim_date,date_key,many_to_one_required,synthetic_candidate
fact_overdraft_usage_daily,customer_key,dim_customer,customer_key,many_to_one_optional,synthetic_candidate
fact_overdraft_usage_daily,account_key,dim_account,account_key,many_to_one_optional,synthetic_candidate
fact_overdraft_usage_daily,product_key,dim_product,product_key,many_to_one_optional,synthetic_candidate
fact_overdraft_usage_daily,branch_key,dim_branch,branch_key,many_to_one_optional,synthetic_candidate
fact_overdraft_usage_daily,channel_key,dim_channel,channel_key,many_to_one_optional,synthetic_candidate
fact_overdraft_usage_daily,currency_key,dim_currency,currency_key,many_to_one_optional,synthetic_candidate
fact_overdraft_usage_daily,deposit_product_key,dim_deposit_product,deposit_product_key,many_to_one_optional,synthetic_candidate
fact_overdraft_usage_daily,deposit_term_key,dim_deposit_term,deposit_term_key,many_to_one_optional,synthetic_candidate
fact_overdraft_usage_daily,account_status_key,dim_account_status,account_status_key,many_to_one_optional,synthetic_candidate
fact_overdraft_usage_daily,business_date_key,dim_date,date_key,many_to_one_required,synthetic_candidate
fact_account_fee,customer_key,dim_customer,customer_key,many_to_one_optional,synthetic_candidate
fact_account_fee,account_key,dim_account,account_key,many_to_one_optional,synthetic_candidate
fact_account_fee,product_key,dim_product,product_key,many_to_one_optional,synthetic_candidate
fact_account_fee,branch_key,dim_branch,branch_key,many_to_one_optional,synthetic_candidate
fact_account_fee,channel_key,dim_channel,channel_key,many_to_one_optional,synthetic_candidate
fact_account_fee,currency_key,dim_currency,currency_key,many_to_one_optional,synthetic_candidate
fact_account_fee,deposit_product_key,dim_deposit_product,deposit_product_key,many_to_one_optional,synthetic_candidate
fact_account_fee,deposit_term_key,dim_deposit_term,deposit_term_key,many_to_one_optional,synthetic_candidate
fact_account_fee,account_status_key,dim_account_status,account_status_key,many_to_one_optional,synthetic_candidate
fact_account_fee,business_date_key,dim_date,date_key,many_to_one_required,synthetic_candidate
fact_account_hold,customer_key,dim_customer,customer_key,many_to_one_optional,synthetic_candidate
fact_account_hold,account_key,dim_account,account_key,many_to_one_optional,synthetic_candidate
fact_account_hold,product_key,dim_product,product_key,many_to_one_optional,synthetic_candidate
fact_account_hold,branch_key,dim_branch,branch_key,many_to_one_optional,synthetic_candidate
fact_account_hold,channel_key,dim_channel,channel_key,many_to_one_optional,synthetic_candidate
fact_account_hold,currency_key,dim_currency,currency_key,many_to_one_optional,synthetic_candidate
fact_account_hold,deposit_product_key,dim_deposit_product,deposit_product_key,many_to_one_optional,synthetic_candidate
fact_account_hold,deposit_term_key,dim_deposit_term,deposit_term_key,many_to_one_optional,synthetic_candidate
fact_account_hold,account_status_key,dim_account_status,account_status_key,many_to_one_optional,synthetic_candidate
fact_account_hold,business_date_key,dim_date,date_key,many_to_one_required,synthetic_candidate
fact_loan_balance_daily,customer_key,dim_customer,customer_key,many_to_one_optional,synthetic_candidate
fact_loan_balance_daily,account_key,dim_account,account_key,many_to_one_optional,synthetic_candidate
fact_loan_balance_daily,loan_product_key,dim_loan_product,loan_product_key,many_to_one_optional,synthetic_candidate
fact_loan_balance_daily,loan_purpose_key,dim_loan_purpose,loan_purpose_key,many_to_one_optional,synthetic_candidate
fact_loan_balance_daily,collateral_type_key,dim_collateral_type,collateral_type_key,many_to_one_optional,synthetic_candidate
fact_loan_balance_daily,credit_rating_key,dim_credit_rating,credit_rating_key,many_to_one_optional,synthetic_candidate
fact_loan_balance_daily,currency_key,dim_currency,currency_key,many_to_one_optional,synthetic_candidate
fact_loan_balance_daily,branch_key,dim_branch,branch_key,many_to_one_optional,synthetic_candidate
fact_loan_balance_daily,business_date_key,dim_date,date_key,many_to_one_required,synthetic_candidate
fact_loan_disbursement,customer_key,dim_customer,customer_key,many_to_one_optional,synthetic_candidate
fact_loan_disbursement,account_key,dim_account,account_key,many_to_one_optional,synthetic_candidate
fact_loan_disbursement,loan_product_key,dim_loan_product,loan_product_key,many_to_one_optional,synthetic_candidate
fact_loan_disbursement,loan_purpose_key,dim_loan_purpose,loan_purpose_key,many_to_one_optional,synthetic_candidate
fact_loan_disbursement,collateral_type_key,dim_collateral_type,collateral_type_key,many_to_one_optional,synthetic_candidate
fact_loan_disbursement,credit_rating_key,dim_credit_rating,credit_rating_key,many_to_one_optional,synthetic_candidate
fact_loan_disbursement,currency_key,dim_currency,currency_key,many_to_one_optional,synthetic_candidate
fact_loan_disbursement,branch_key,dim_branch,branch_key,many_to_one_optional,synthetic_candidate
fact_loan_disbursement,business_date_key,dim_date,date_key,many_to_one_required,synthetic_candidate
fact_loan_repayment,customer_key,dim_customer,customer_key,many_to_one_optional,synthetic_candidate
fact_loan_repayment,account_key,dim_account,account_key,many_to_one_optional,synthetic_candidate
fact_loan_repayment,loan_product_key,dim_loan_product,loan_product_key,many_to_one_optional,synthetic_candidate
fact_loan_repayment,loan_purpose_key,dim_loan_purpose,loan_purpose_key,many_to_one_optional,synthetic_candidate
fact_loan_repayment,collateral_type_key,dim_collateral_type,collateral_type_key,many_to_one_optional,synthetic_candidate
fact_loan_repayment,credit_rating_key,dim_credit_rating,credit_rating_key,many_to_one_optional,synthetic_candidate
fact_loan_repayment,currency_key,dim_currency,currency_key,many_to_one_optional,synthetic_candidate
fact_loan_repayment,branch_key,dim_branch,branch_key,many_to_one_optional,synthetic_candidate
fact_loan_repayment,business_date_key,dim_date,date_key,many_to_one_required,synthetic_candidate
fact_loan_interest_accrual,customer_key,dim_customer,customer_key,many_to_one_optional,synthetic_candidate
fact_loan_interest_accrual,account_key,dim_account,account_key,many_to_one_optional,synthetic_candidate
fact_loan_interest_accrual,loan_product_key,dim_loan_product,loan_product_key,many_to_one_optional,synthetic_candidate
fact_loan_interest_accrual,loan_purpose_key,dim_loan_purpose,loan_purpose_key,many_to_one_optional,synthetic_candidate
fact_loan_interest_accrual,collateral_type_key,dim_collateral_type,collateral_type_key,many_to_one_optional,synthetic_candidate
fact_loan_interest_accrual,credit_rating_key,dim_credit_rating,credit_rating_key,many_to_one_optional,synthetic_candidate
fact_loan_interest_accrual,currency_key,dim_currency,currency_key,many_to_one_optional,synthetic_candidate
fact_loan_interest_accrual,branch_key,dim_branch,branch_key,many_to_one_optional,synthetic_candidate
fact_loan_interest_accrual,business_date_key,dim_date,date_key,many_to_one_required,synthetic_candidate
fact_loan_delinquency_daily,customer_key,dim_customer,customer_key,many_to_one_optional,synthetic_candidate
fact_loan_delinquency_daily,account_key,dim_account,account_key,many_to_one_optional,synthetic_candidate
fact_loan_delinquency_daily,loan_product_key,dim_loan_product,loan_product_key,many_to_one_optional,synthetic_candidate
fact_loan_delinquency_daily,loan_purpose_key,dim_loan_purpose,loan_purpose_key,many_to_one_optional,synthetic_candidate
fact_loan_delinquency_daily,collateral_type_key,dim_collateral_type,collateral_type_key,many_to_one_optional,synthetic_candidate
fact_loan_delinquency_daily,credit_rating_key,dim_credit_rating,credit_rating_key,many_to_one_optional,synthetic_candidate
fact_loan_delinquency_daily,currency_key,dim_currency,currency_key,many_to_one_optional,synthetic_candidate
fact_loan_delinquency_daily,branch_key,dim_branch,branch_key,many_to_one_optional,synthetic_candidate
fact_loan_delinquency_daily,business_date_key,dim_date,date_key,many_to_one_required,synthetic_candidate
fact_loan_loss_provision,customer_key,dim_customer,customer_key,many_to_one_optional,synthetic_candidate
fact_loan_loss_provision,account_key,dim_account,account_key,many_to_one_optional,synthetic_candidate
fact_loan_loss_provision,loan_product_key,dim_loan_product,loan_product_key,many_to_one_optional,synthetic_candidate
fact_loan_loss_provision,loan_purpose_key,dim_loan_purpose,loan_purpose_key,many_to_one_optional,synthetic_candidate
fact_loan_loss_provision,collateral_type_key,dim_collateral_type,collateral_type_key,many_to_one_optional,synthetic_candidate
fact_loan_loss_provision,credit_rating_key,dim_credit_rating,credit_rating_key,many_to_one_optional,synthetic_candidate
fact_loan_loss_provision,currency_key,dim_currency,currency_key,many_to_one_optional,synthetic_candidate
fact_loan_loss_provision,branch_key,dim_branch,branch_key,many_to_one_optional,synthetic_candidate
fact_loan_loss_provision,business_date_key,dim_date,date_key,many_to_one_required,synthetic_candidate
fact_collateral_valuation,customer_key,dim_customer,customer_key,many_to_one_optional,synthetic_candidate
fact_collateral_valuation,account_key,dim_account,account_key,many_to_one_optional,synthetic_candidate
fact_collateral_valuation,loan_product_key,dim_loan_product,loan_product_key,many_to_one_optional,synthetic_candidate
fact_collateral_valuation,loan_purpose_key,dim_loan_purpose,loan_purpose_key,many_to_one_optional,synthetic_candidate
fact_collateral_valuation,collateral_type_key,dim_collateral_type,collateral_type_key,many_to_one_optional,synthetic_candidate
fact_collateral_valuation,credit_rating_key,dim_credit_rating,credit_rating_key,many_to_one_optional,synthetic_candidate
fact_collateral_valuation,currency_key,dim_currency,currency_key,many_to_one_optional,synthetic_candidate
fact_collateral_valuation,branch_key,dim_branch,branch_key,many_to_one_optional,synthetic_candidate
fact_collateral_valuation,business_date_key,dim_date,date_key,many_to_one_required,synthetic_candidate
fact_credit_limit_usage_daily,customer_key,dim_customer,customer_key,many_to_one_optional,synthetic_candidate
fact_credit_limit_usage_daily,account_key,dim_account,account_key,many_to_one_optional,synthetic_candidate
fact_credit_limit_usage_daily,loan_product_key,dim_loan_product,loan_product_key,many_to_one_optional,synthetic_candidate
fact_credit_limit_usage_daily,loan_purpose_key,dim_loan_purpose,loan_purpose_key,many_to_one_optional,synthetic_candidate
fact_credit_limit_usage_daily,collateral_type_key,dim_collateral_type,collateral_type_key,many_to_one_optional,synthetic_candidate
fact_credit_limit_usage_daily,credit_rating_key,dim_credit_rating,credit_rating_key,many_to_one_optional,synthetic_candidate
fact_credit_limit_usage_daily,currency_key,dim_currency,currency_key,many_to_one_optional,synthetic_candidate
fact_credit_limit_usage_daily,branch_key,dim_branch,branch_key,many_to_one_optional,synthetic_candidate
fact_credit_limit_usage_daily,business_date_key,dim_date,date_key,many_to_one_required,synthetic_candidate
fact_loan_application,customer_key,dim_customer,customer_key,many_to_one_optional,synthetic_candidate
fact_loan_application,account_key,dim_account,account_key,many_to_one_optional,synthetic_candidate
fact_loan_application,loan_product_key,dim_loan_product,loan_product_key,many_to_one_optional,synthetic_candidate
fact_loan_application,loan_purpose_key,dim_loan_purpose,loan_purpose_key,many_to_one_optional,synthetic_candidate
fact_loan_application,collateral_type_key,dim_collateral_type,collateral_type_key,many_to_one_optional,synthetic_candidate
fact_loan_application,credit_rating_key,dim_credit_rating,credit_rating_key,many_to_one_optional,synthetic_candidate
fact_loan_application,currency_key,dim_currency,currency_key,many_to_one_optional,synthetic_candidate
fact_loan_application,branch_key,dim_branch,branch_key,many_to_one_optional,synthetic_candidate
fact_loan_application,business_date_key,dim_date,date_key,many_to_one_required,synthetic_candidate
fact_payment_transaction,customer_key,dim_customer,customer_key,many_to_one_optional,synthetic_candidate
fact_payment_transaction,account_key,dim_account,account_key,many_to_one_optional,synthetic_candidate
fact_payment_transaction,payment_type_key,dim_payment_type,payment_type_key,many_to_one_optional,synthetic_candidate
fact_payment_transaction,payment_network_key,dim_payment_network,payment_network_key,many_to_one_optional,synthetic_candidate
fact_payment_transaction,merchant_key,dim_merchant,merchant_key,many_to_one_optional,synthetic_candidate
fact_payment_transaction,channel_key,dim_channel,channel_key,many_to_one_optional,synthetic_candidate
fact_payment_transaction,currency_key,dim_currency,currency_key,many_to_one_optional,synthetic_candidate
fact_payment_transaction,branch_key,dim_branch,branch_key,many_to_one_optional,synthetic_candidate
fact_payment_transaction,business_date_key,dim_date,date_key,many_to_one_required,synthetic_candidate
fact_payment_settlement,customer_key,dim_customer,customer_key,many_to_one_optional,synthetic_candidate
fact_payment_settlement,account_key,dim_account,account_key,many_to_one_optional,synthetic_candidate
fact_payment_settlement,payment_type_key,dim_payment_type,payment_type_key,many_to_one_optional,synthetic_candidate
fact_payment_settlement,payment_network_key,dim_payment_network,payment_network_key,many_to_one_optional,synthetic_candidate
fact_payment_settlement,merchant_key,dim_merchant,merchant_key,many_to_one_optional,synthetic_candidate
fact_payment_settlement,channel_key,dim_channel,channel_key,many_to_one_optional,synthetic_candidate
fact_payment_settlement,currency_key,dim_currency,currency_key,many_to_one_optional,synthetic_candidate
fact_payment_settlement,branch_key,dim_branch,branch_key,many_to_one_optional,synthetic_candidate
fact_payment_settlement,business_date_key,dim_date,date_key,many_to_one_required,synthetic_candidate
fact_payment_return,customer_key,dim_customer,customer_key,many_to_one_optional,synthetic_candidate
fact_payment_return,account_key,dim_account,account_key,many_to_one_optional,synthetic_candidate
fact_payment_return,payment_type_key,dim_payment_type,payment_type_key,many_to_one_optional,synthetic_candidate
fact_payment_return,payment_network_key,dim_payment_network,payment_network_key,many_to_one_optional,synthetic_candidate
fact_payment_return,merchant_key,dim_merchant,merchant_key,many_to_one_optional,synthetic_candidate
fact_payment_return,channel_key,dim_channel,channel_key,many_to_one_optional,synthetic_candidate
fact_payment_return,currency_key,dim_currency,currency_key,many_to_one_optional,synthetic_candidate
fact_payment_return,branch_key,dim_branch,branch_key,many_to_one_optional,synthetic_candidate
fact_payment_return,business_date_key,dim_date,date_key,many_to_one_required,synthetic_candidate
fact_wire_transfer,customer_key,dim_customer,customer_key,many_to_one_optional,synthetic_candidate
fact_wire_transfer,account_key,dim_account,account_key,many_to_one_optional,synthetic_candidate
fact_wire_transfer,payment_type_key,dim_payment_type,payment_type_key,many_to_one_optional,synthetic_candidate
fact_wire_transfer,payment_network_key,dim_payment_network,payment_network_key,many_to_one_optional,synthetic_candidate
fact_wire_transfer,merchant_key,dim_merchant,merchant_key,many_to_one_optional,synthetic_candidate
fact_wire_transfer,channel_key,dim_channel,channel_key,many_to_one_optional,synthetic_candidate
fact_wire_transfer,currency_key,dim_currency,currency_key,many_to_one_optional,synthetic_candidate
fact_wire_transfer,branch_key,dim_branch,branch_key,many_to_one_optional,synthetic_candidate
fact_wire_transfer,business_date_key,dim_date,date_key,many_to_one_required,synthetic_candidate
fact_direct_debit,customer_key,dim_customer,customer_key,many_to_one_optional,synthetic_candidate
fact_direct_debit,account_key,dim_account,account_key,many_to_one_optional,synthetic_candidate
fact_direct_debit,payment_type_key,dim_payment_type,payment_type_key,many_to_one_optional,synthetic_candidate
fact_direct_debit,payment_network_key,dim_payment_network,payment_network_key,many_to_one_optional,synthetic_candidate
fact_direct_debit,merchant_key,dim_merchant,merchant_key,many_to_one_optional,synthetic_candidate
fact_direct_debit,channel_key,dim_channel,channel_key,many_to_one_optional,synthetic_candidate
fact_direct_debit,currency_key,dim_currency,currency_key,many_to_one_optional,synthetic_candidate
fact_direct_debit,branch_key,dim_branch,branch_key,many_to_one_optional,synthetic_candidate
fact_direct_debit,business_date_key,dim_date,date_key,many_to_one_required,synthetic_candidate
fact_standing_order_execution,customer_key,dim_customer,customer_key,many_to_one_optional,synthetic_candidate
fact_standing_order_execution,account_key,dim_account,account_key,many_to_one_optional,synthetic_candidate
fact_standing_order_execution,payment_type_key,dim_payment_type,payment_type_key,many_to_one_optional,synthetic_candidate
fact_standing_order_execution,payment_network_key,dim_payment_network,payment_network_key,many_to_one_optional,synthetic_candidate
fact_standing_order_execution,merchant_key,dim_merchant,merchant_key,many_to_one_optional,synthetic_candidate
fact_standing_order_execution,channel_key,dim_channel,channel_key,many_to_one_optional,synthetic_candidate
fact_standing_order_execution,currency_key,dim_currency,currency_key,many_to_one_optional,synthetic_candidate
fact_standing_order_execution,branch_key,dim_branch,branch_key,many_to_one_optional,synthetic_candidate
fact_standing_order_execution,business_date_key,dim_date,date_key,many_to_one_required,synthetic_candidate
fact_atm_transaction,customer_key,dim_customer,customer_key,many_to_one_optional,synthetic_candidate
fact_atm_transaction,account_key,dim_account,account_key,many_to_one_optional,synthetic_candidate
fact_atm_transaction,payment_type_key,dim_payment_type,payment_type_key,many_to_one_optional,synthetic_candidate
fact_atm_transaction,payment_network_key,dim_payment_network,payment_network_key,many_to_one_optional,synthetic_candidate
fact_atm_transaction,merchant_key,dim_merchant,merchant_key,many_to_one_optional,synthetic_candidate
fact_atm_transaction,channel_key,dim_channel,channel_key,many_to_one_optional,synthetic_candidate
fact_atm_transaction,currency_key,dim_currency,currency_key,many_to_one_optional,synthetic_candidate
fact_atm_transaction,branch_key,dim_branch,branch_key,many_to_one_optional,synthetic_candidate
fact_atm_transaction,business_date_key,dim_date,date_key,many_to_one_required,synthetic_candidate
fact_card_authorization,customer_key,dim_customer,customer_key,many_to_one_optional,synthetic_candidate
fact_card_authorization,account_key,dim_account,account_key,many_to_one_optional,synthetic_candidate
fact_card_authorization,payment_type_key,dim_payment_type,payment_type_key,many_to_one_optional,synthetic_candidate
fact_card_authorization,payment_network_key,dim_payment_network,payment_network_key,many_to_one_optional,synthetic_candidate
fact_card_authorization,merchant_key,dim_merchant,merchant_key,many_to_one_optional,synthetic_candidate
fact_card_authorization,channel_key,dim_channel,channel_key,many_to_one_optional,synthetic_candidate
fact_card_authorization,currency_key,dim_currency,currency_key,many_to_one_optional,synthetic_candidate
fact_card_authorization,branch_key,dim_branch,branch_key,many_to_one_optional,synthetic_candidate
fact_card_authorization,card_product_key,dim_card_product,card_product_key,many_to_one_optional,synthetic_candidate
fact_card_authorization,business_date_key,dim_date,date_key,many_to_one_required,synthetic_candidate
fact_card_clearing,customer_key,dim_customer,customer_key,many_to_one_optional,synthetic_candidate
fact_card_clearing,account_key,dim_account,account_key,many_to_one_optional,synthetic_candidate
fact_card_clearing,payment_type_key,dim_payment_type,payment_type_key,many_to_one_optional,synthetic_candidate
fact_card_clearing,payment_network_key,dim_payment_network,payment_network_key,many_to_one_optional,synthetic_candidate
fact_card_clearing,merchant_key,dim_merchant,merchant_key,many_to_one_optional,synthetic_candidate
fact_card_clearing,channel_key,dim_channel,channel_key,many_to_one_optional,synthetic_candidate
fact_card_clearing,currency_key,dim_currency,currency_key,many_to_one_optional,synthetic_candidate
fact_card_clearing,branch_key,dim_branch,branch_key,many_to_one_optional,synthetic_candidate
fact_card_clearing,card_product_key,dim_card_product,card_product_key,many_to_one_optional,synthetic_candidate
fact_card_clearing,business_date_key,dim_date,date_key,many_to_one_required,synthetic_candidate
fact_card_balance_daily,customer_key,dim_customer,customer_key,many_to_one_optional,synthetic_candidate
fact_card_balance_daily,account_key,dim_account,account_key,many_to_one_optional,synthetic_candidate
fact_card_balance_daily,card_product_key,dim_card_product,card_product_key,many_to_one_optional,synthetic_candidate
fact_card_balance_daily,card_status_key,dim_card_status,card_status_key,many_to_one_optional,synthetic_candidate
fact_card_balance_daily,merchant_key,dim_merchant,merchant_key,many_to_one_optional,synthetic_candidate
fact_card_balance_daily,merchant_category_key,dim_merchant_category,merchant_category_key,many_to_one_optional,synthetic_candidate
fact_card_balance_daily,channel_key,dim_channel,channel_key,many_to_one_optional,synthetic_candidate
fact_card_balance_daily,currency_key,dim_currency,currency_key,many_to_one_optional,synthetic_candidate
fact_card_balance_daily,business_date_key,dim_date,date_key,many_to_one_required,synthetic_candidate
fact_card_fee,customer_key,dim_customer,customer_key,many_to_one_optional,synthetic_candidate
fact_card_fee,account_key,dim_account,account_key,many_to_one_optional,synthetic_candidate
fact_card_fee,card_product_key,dim_card_product,card_product_key,many_to_one_optional,synthetic_candidate
fact_card_fee,card_status_key,dim_card_status,card_status_key,many_to_one_optional,synthetic_candidate
fact_card_fee,merchant_key,dim_merchant,merchant_key,many_to_one_optional,synthetic_candidate
fact_card_fee,merchant_category_key,dim_merchant_category,merchant_category_key,many_to_one_optional,synthetic_candidate
fact_card_fee,channel_key,dim_channel,channel_key,many_to_one_optional,synthetic_candidate
fact_card_fee,currency_key,dim_currency,currency_key,many_to_one_optional,synthetic_candidate
fact_card_fee,business_date_key,dim_date,date_key,many_to_one_required,synthetic_candidate
fact_card_dispute,customer_key,dim_customer,customer_key,many_to_one_optional,synthetic_candidate
fact_card_dispute,account_key,dim_account,account_key,many_to_one_optional,synthetic_candidate
fact_card_dispute,card_product_key,dim_card_product,card_product_key,many_to_one_optional,synthetic_candidate
fact_card_dispute,card_status_key,dim_card_status,card_status_key,many_to_one_optional,synthetic_candidate
fact_card_dispute,merchant_key,dim_merchant,merchant_key,many_to_one_optional,synthetic_candidate
fact_card_dispute,merchant_category_key,dim_merchant_category,merchant_category_key,many_to_one_optional,synthetic_candidate
fact_card_dispute,channel_key,dim_channel,channel_key,many_to_one_optional,synthetic_candidate
fact_card_dispute,currency_key,dim_currency,currency_key,many_to_one_optional,synthetic_candidate
fact_card_dispute,business_date_key,dim_date,date_key,many_to_one_required,synthetic_candidate
fact_card_chargeback,customer_key,dim_customer,customer_key,many_to_one_optional,synthetic_candidate
fact_card_chargeback,account_key,dim_account,account_key,many_to_one_optional,synthetic_candidate
fact_card_chargeback,card_product_key,dim_card_product,card_product_key,many_to_one_optional,synthetic_candidate
fact_card_chargeback,card_status_key,dim_card_status,card_status_key,many_to_one_optional,synthetic_candidate
fact_card_chargeback,merchant_key,dim_merchant,merchant_key,many_to_one_optional,synthetic_candidate
fact_card_chargeback,merchant_category_key,dim_merchant_category,merchant_category_key,many_to_one_optional,synthetic_candidate
fact_card_chargeback,channel_key,dim_channel,channel_key,many_to_one_optional,synthetic_candidate
fact_card_chargeback,currency_key,dim_currency,currency_key,many_to_one_optional,synthetic_candidate
fact_card_chargeback,business_date_key,dim_date,date_key,many_to_one_required,synthetic_candidate
fact_card_reward_earning,customer_key,dim_customer,customer_key,many_to_one_optional,synthetic_candidate
fact_card_reward_earning,account_key,dim_account,account_key,many_to_one_optional,synthetic_candidate
fact_card_reward_earning,card_product_key,dim_card_product,card_product_key,many_to_one_optional,synthetic_candidate
fact_card_reward_earning,card_status_key,dim_card_status,card_status_key,many_to_one_optional,synthetic_candidate
fact_card_reward_earning,merchant_key,dim_merchant,merchant_key,many_to_one_optional,synthetic_candidate
fact_card_reward_earning,merchant_category_key,dim_merchant_category,merchant_category_key,many_to_one_optional,synthetic_candidate
fact_card_reward_earning,channel_key,dim_channel,channel_key,many_to_one_optional,synthetic_candidate
fact_card_reward_earning,currency_key,dim_currency,currency_key,many_to_one_optional,synthetic_candidate
fact_card_reward_earning,business_date_key,dim_date,date_key,many_to_one_required,synthetic_candidate
fact_customer_interaction,customer_key,dim_customer,customer_key,many_to_one_optional,synthetic_candidate
fact_customer_interaction,channel_key,dim_channel,channel_key,many_to_one_optional,synthetic_candidate
fact_customer_interaction,branch_key,dim_branch,branch_key,many_to_one_optional,synthetic_candidate
fact_customer_interaction,employee_key,dim_employee,employee_key,many_to_one_optional,synthetic_candidate
fact_customer_interaction,product_key,dim_product,product_key,many_to_one_optional,synthetic_candidate
fact_customer_interaction,complaint_category_key,dim_complaint_category,complaint_category_key,many_to_one_optional,synthetic_candidate
fact_customer_interaction,business_date_key,dim_date,date_key,many_to_one_required,synthetic_candidate
fact_customer_campaign_response,customer_key,dim_customer,customer_key,many_to_one_optional,synthetic_candidate
fact_customer_campaign_response,channel_key,dim_channel,channel_key,many_to_one_optional,synthetic_candidate
fact_customer_campaign_response,branch_key,dim_branch,branch_key,many_to_one_optional,synthetic_candidate
fact_customer_campaign_response,employee_key,dim_employee,employee_key,many_to_one_optional,synthetic_candidate
fact_customer_campaign_response,product_key,dim_product,product_key,many_to_one_optional,synthetic_candidate
fact_customer_campaign_response,complaint_category_key,dim_complaint_category,complaint_category_key,many_to_one_optional,synthetic_candidate
fact_customer_campaign_response,business_date_key,dim_date,date_key,many_to_one_required,synthetic_candidate
fact_complaint,customer_key,dim_customer,customer_key,many_to_one_optional,synthetic_candidate
fact_complaint,channel_key,dim_channel,channel_key,many_to_one_optional,synthetic_candidate
fact_complaint,branch_key,dim_branch,branch_key,many_to_one_optional,synthetic_candidate
fact_complaint,employee_key,dim_employee,employee_key,many_to_one_optional,synthetic_candidate
fact_complaint,product_key,dim_product,product_key,many_to_one_optional,synthetic_candidate
fact_complaint,complaint_category_key,dim_complaint_category,complaint_category_key,many_to_one_optional,synthetic_candidate
fact_complaint,business_date_key,dim_date,date_key,many_to_one_required,synthetic_candidate
fact_service_case,customer_key,dim_customer,customer_key,many_to_one_optional,synthetic_candidate
fact_service_case,channel_key,dim_channel,channel_key,many_to_one_optional,synthetic_candidate
fact_service_case,branch_key,dim_branch,branch_key,many_to_one_optional,synthetic_candidate
fact_service_case,employee_key,dim_employee,employee_key,many_to_one_optional,synthetic_candidate
fact_service_case,product_key,dim_product,product_key,many_to_one_optional,synthetic_candidate
fact_service_case,complaint_category_key,dim_complaint_category,complaint_category_key,many_to_one_optional,synthetic_candidate
fact_service_case,business_date_key,dim_date,date_key,many_to_one_required,synthetic_candidate
fact_digital_session,customer_key,dim_customer,customer_key,many_to_one_optional,synthetic_candidate
fact_digital_session,channel_key,dim_channel,channel_key,many_to_one_optional,synthetic_candidate
fact_digital_session,branch_key,dim_branch,branch_key,many_to_one_optional,synthetic_candidate
fact_digital_session,employee_key,dim_employee,employee_key,many_to_one_optional,synthetic_candidate
fact_digital_session,product_key,dim_product,product_key,many_to_one_optional,synthetic_candidate
fact_digital_session,complaint_category_key,dim_complaint_category,complaint_category_key,many_to_one_optional,synthetic_candidate
fact_digital_session,business_date_key,dim_date,date_key,many_to_one_required,synthetic_candidate
fact_security_position_daily,customer_key,dim_customer,customer_key,many_to_one_optional,synthetic_candidate
fact_security_position_daily,account_key,dim_account,account_key,many_to_one_optional,synthetic_candidate
fact_security_position_daily,portfolio_key,dim_portfolio,portfolio_key,many_to_one_optional,synthetic_candidate
fact_security_position_daily,security_key,dim_security,security_key,many_to_one_optional,synthetic_candidate
fact_security_position_daily,instrument_type_key,dim_instrument_type,instrument_type_key,many_to_one_optional,synthetic_candidate
fact_security_position_daily,market_key,dim_market,market_key,many_to_one_optional,synthetic_candidate
fact_security_position_daily,currency_key,dim_currency,currency_key,many_to_one_optional,synthetic_candidate
fact_security_position_daily,benchmark_key,dim_benchmark,benchmark_key,many_to_one_optional,synthetic_candidate
fact_security_position_daily,business_date_key,dim_date,date_key,many_to_one_required,synthetic_candidate
fact_security_trade,customer_key,dim_customer,customer_key,many_to_one_optional,synthetic_candidate
fact_security_trade,account_key,dim_account,account_key,many_to_one_optional,synthetic_candidate
fact_security_trade,portfolio_key,dim_portfolio,portfolio_key,many_to_one_optional,synthetic_candidate
fact_security_trade,security_key,dim_security,security_key,many_to_one_optional,synthetic_candidate
fact_security_trade,instrument_type_key,dim_instrument_type,instrument_type_key,many_to_one_optional,synthetic_candidate
fact_security_trade,market_key,dim_market,market_key,many_to_one_optional,synthetic_candidate
fact_security_trade,currency_key,dim_currency,currency_key,many_to_one_optional,synthetic_candidate
fact_security_trade,benchmark_key,dim_benchmark,benchmark_key,many_to_one_optional,synthetic_candidate
fact_security_trade,business_date_key,dim_date,date_key,many_to_one_required,synthetic_candidate
fact_security_price_daily,portfolio_key,dim_portfolio,portfolio_key,many_to_one_optional,synthetic_candidate
fact_security_price_daily,security_key,dim_security,security_key,many_to_one_optional,synthetic_candidate
fact_security_price_daily,instrument_type_key,dim_instrument_type,instrument_type_key,many_to_one_optional,synthetic_candidate
fact_security_price_daily,market_key,dim_market,market_key,many_to_one_optional,synthetic_candidate
fact_security_price_daily,currency_key,dim_currency,currency_key,many_to_one_optional,synthetic_candidate
fact_security_price_daily,benchmark_key,dim_benchmark,benchmark_key,many_to_one_optional,synthetic_candidate
fact_security_price_daily,business_date_key,dim_date,date_key,many_to_one_required,synthetic_candidate
fact_portfolio_valuation_daily,customer_key,dim_customer,customer_key,many_to_one_optional,synthetic_candidate
fact_portfolio_valuation_daily,account_key,dim_account,account_key,many_to_one_optional,synthetic_candidate
fact_portfolio_valuation_daily,portfolio_key,dim_portfolio,portfolio_key,many_to_one_optional,synthetic_candidate
fact_portfolio_valuation_daily,security_key,dim_security,security_key,many_to_one_optional,synthetic_candidate
fact_portfolio_valuation_daily,instrument_type_key,dim_instrument_type,instrument_type_key,many_to_one_optional,synthetic_candidate
fact_portfolio_valuation_daily,market_key,dim_market,market_key,many_to_one_optional,synthetic_candidate
fact_portfolio_valuation_daily,currency_key,dim_currency,currency_key,many_to_one_optional,synthetic_candidate
fact_portfolio_valuation_daily,benchmark_key,dim_benchmark,benchmark_key,many_to_one_optional,synthetic_candidate
fact_portfolio_valuation_daily,business_date_key,dim_date,date_key,many_to_one_required,synthetic_candidate
fact_investment_fee,customer_key,dim_customer,customer_key,many_to_one_optional,synthetic_candidate
fact_investment_fee,account_key,dim_account,account_key,many_to_one_optional,synthetic_candidate
fact_investment_fee,portfolio_key,dim_portfolio,portfolio_key,many_to_one_optional,synthetic_candidate
fact_investment_fee,security_key,dim_security,security_key,many_to_one_optional,synthetic_candidate
fact_investment_fee,instrument_type_key,dim_instrument_type,instrument_type_key,many_to_one_optional,synthetic_candidate
fact_investment_fee,market_key,dim_market,market_key,many_to_one_optional,synthetic_candidate
fact_investment_fee,currency_key,dim_currency,currency_key,many_to_one_optional,synthetic_candidate
fact_investment_fee,benchmark_key,dim_benchmark,benchmark_key,many_to_one_optional,synthetic_candidate
fact_investment_fee,business_date_key,dim_date,date_key,many_to_one_required,synthetic_candidate
fact_corporate_action,customer_key,dim_customer,customer_key,many_to_one_optional,synthetic_candidate
fact_corporate_action,account_key,dim_account,account_key,many_to_one_optional,synthetic_candidate
fact_corporate_action,portfolio_key,dim_portfolio,portfolio_key,many_to_one_optional,synthetic_candidate
fact_corporate_action,security_key,dim_security,security_key,many_to_one_optional,synthetic_candidate
fact_corporate_action,instrument_type_key,dim_instrument_type,instrument_type_key,many_to_one_optional,synthetic_candidate
fact_corporate_action,market_key,dim_market,market_key,many_to_one_optional,synthetic_candidate
fact_corporate_action,currency_key,dim_currency,currency_key,many_to_one_optional,synthetic_candidate
fact_corporate_action,benchmark_key,dim_benchmark,benchmark_key,many_to_one_optional,synthetic_candidate
fact_corporate_action,business_date_key,dim_date,date_key,many_to_one_required,synthetic_candidate
fact_fx_trade,organization_key,dim_organization,organization_key,many_to_one_optional,synthetic_candidate
fact_fx_trade,branch_key,dim_branch,branch_key,many_to_one_optional,synthetic_candidate
fact_fx_trade,currency_key,dim_currency,currency_key,many_to_one_optional,synthetic_candidate
fact_fx_trade,product_key,dim_product,product_key,many_to_one_optional,synthetic_candidate
fact_fx_trade,market_key,dim_market,market_key,many_to_one_optional,synthetic_candidate
fact_fx_trade,business_date_key,dim_date,date_key,many_to_one_required,synthetic_candidate
fact_fx_rate_daily,organization_key,dim_organization,organization_key,many_to_one_optional,synthetic_candidate
fact_fx_rate_daily,branch_key,dim_branch,branch_key,many_to_one_optional,synthetic_candidate
fact_fx_rate_daily,currency_key,dim_currency,currency_key,many_to_one_optional,synthetic_candidate
fact_fx_rate_daily,product_key,dim_product,product_key,many_to_one_optional,synthetic_candidate
fact_fx_rate_daily,market_key,dim_market,market_key,many_to_one_optional,synthetic_candidate
fact_fx_rate_daily,business_date_key,dim_date,date_key,many_to_one_required,synthetic_candidate
fact_liquidity_position_daily,organization_key,dim_organization,organization_key,many_to_one_optional,synthetic_candidate
fact_liquidity_position_daily,branch_key,dim_branch,branch_key,many_to_one_optional,synthetic_candidate
fact_liquidity_position_daily,currency_key,dim_currency,currency_key,many_to_one_optional,synthetic_candidate
fact_liquidity_position_daily,product_key,dim_product,product_key,many_to_one_optional,synthetic_candidate
fact_liquidity_position_daily,market_key,dim_market,market_key,many_to_one_optional,synthetic_candidate
fact_liquidity_position_daily,business_date_key,dim_date,date_key,many_to_one_required,synthetic_candidate
fact_treasury_position_daily,organization_key,dim_organization,organization_key,many_to_one_optional,synthetic_candidate
fact_treasury_position_daily,branch_key,dim_branch,branch_key,many_to_one_optional,synthetic_candidate
fact_treasury_position_daily,currency_key,dim_currency,currency_key,many_to_one_optional,synthetic_candidate
fact_treasury_position_daily,product_key,dim_product,product_key,many_to_one_optional,synthetic_candidate
fact_treasury_position_daily,market_key,dim_market,market_key,many_to_one_optional,synthetic_candidate
fact_treasury_position_daily,business_date_key,dim_date,date_key,many_to_one_required,synthetic_candidate
fact_general_ledger_entry,organization_key,dim_organization,organization_key,many_to_one_optional,synthetic_candidate
fact_general_ledger_entry,branch_key,dim_branch,branch_key,many_to_one_optional,synthetic_candidate
fact_general_ledger_entry,currency_key,dim_currency,currency_key,many_to_one_optional,synthetic_candidate
fact_general_ledger_entry,product_key,dim_product,product_key,many_to_one_optional,synthetic_candidate
fact_general_ledger_entry,market_key,dim_market,market_key,many_to_one_optional,synthetic_candidate
fact_general_ledger_entry,business_date_key,dim_date,date_key,many_to_one_required,synthetic_candidate
fact_gl_balance_monthly,organization_key,dim_organization,organization_key,many_to_one_optional,synthetic_candidate
fact_gl_balance_monthly,branch_key,dim_branch,branch_key,many_to_one_optional,synthetic_candidate
fact_gl_balance_monthly,currency_key,dim_currency,currency_key,many_to_one_optional,synthetic_candidate
fact_gl_balance_monthly,product_key,dim_product,product_key,many_to_one_optional,synthetic_candidate
fact_gl_balance_monthly,market_key,dim_market,market_key,many_to_one_optional,synthetic_candidate
fact_gl_balance_monthly,business_date_key,dim_date,date_key,many_to_one_required,synthetic_candidate
fact_cost_allocation,organization_key,dim_organization,organization_key,many_to_one_optional,synthetic_candidate
fact_cost_allocation,branch_key,dim_branch,branch_key,many_to_one_optional,synthetic_candidate
fact_cost_allocation,currency_key,dim_currency,currency_key,many_to_one_optional,synthetic_candidate
fact_cost_allocation,product_key,dim_product,product_key,many_to_one_optional,synthetic_candidate
fact_cost_allocation,market_key,dim_market,market_key,many_to_one_optional,synthetic_candidate
fact_cost_allocation,business_date_key,dim_date,date_key,many_to_one_required,synthetic_candidate
fact_credit_risk_exposure_daily,customer_key,dim_customer,customer_key,many_to_one_optional,synthetic_candidate
fact_credit_risk_exposure_daily,account_key,dim_account,account_key,many_to_one_optional,synthetic_candidate
fact_credit_risk_exposure_daily,organization_key,dim_organization,organization_key,many_to_one_optional,synthetic_candidate
fact_credit_risk_exposure_daily,jurisdiction_key,dim_jurisdiction,jurisdiction_key,many_to_one_optional,synthetic_candidate
fact_credit_risk_exposure_daily,risk_model_key,dim_risk_model,risk_model_key,many_to_one_optional,synthetic_candidate
fact_credit_risk_exposure_daily,currency_key,dim_currency,currency_key,many_to_one_optional,synthetic_candidate
fact_credit_risk_exposure_daily,branch_key,dim_branch,branch_key,many_to_one_optional,synthetic_candidate
fact_credit_risk_exposure_daily,business_date_key,dim_date,date_key,many_to_one_required,synthetic_candidate
fact_market_risk_measure_daily,customer_key,dim_customer,customer_key,many_to_one_optional,synthetic_candidate
fact_market_risk_measure_daily,account_key,dim_account,account_key,many_to_one_optional,synthetic_candidate
fact_market_risk_measure_daily,organization_key,dim_organization,organization_key,many_to_one_optional,synthetic_candidate
fact_market_risk_measure_daily,jurisdiction_key,dim_jurisdiction,jurisdiction_key,many_to_one_optional,synthetic_candidate
fact_market_risk_measure_daily,risk_model_key,dim_risk_model,risk_model_key,many_to_one_optional,synthetic_candidate
fact_market_risk_measure_daily,currency_key,dim_currency,currency_key,many_to_one_optional,synthetic_candidate
fact_market_risk_measure_daily,branch_key,dim_branch,branch_key,many_to_one_optional,synthetic_candidate
fact_market_risk_measure_daily,business_date_key,dim_date,date_key,many_to_one_required,synthetic_candidate
fact_operational_loss,customer_key,dim_customer,customer_key,many_to_one_optional,synthetic_candidate
fact_operational_loss,account_key,dim_account,account_key,many_to_one_optional,synthetic_candidate
fact_operational_loss,organization_key,dim_organization,organization_key,many_to_one_optional,synthetic_candidate
fact_operational_loss,jurisdiction_key,dim_jurisdiction,jurisdiction_key,many_to_one_optional,synthetic_candidate
fact_operational_loss,risk_model_key,dim_risk_model,risk_model_key,many_to_one_optional,synthetic_candidate
fact_operational_loss,currency_key,dim_currency,currency_key,many_to_one_optional,synthetic_candidate
fact_operational_loss,branch_key,dim_branch,branch_key,many_to_one_optional,synthetic_candidate
fact_operational_loss,business_date_key,dim_date,date_key,many_to_one_required,synthetic_candidate
fact_fraud_alert,customer_key,dim_customer,customer_key,many_to_one_optional,synthetic_candidate
fact_fraud_alert,account_key,dim_account,account_key,many_to_one_optional,synthetic_candidate
fact_fraud_alert,organization_key,dim_organization,organization_key,many_to_one_optional,synthetic_candidate
fact_fraud_alert,jurisdiction_key,dim_jurisdiction,jurisdiction_key,many_to_one_optional,synthetic_candidate
fact_fraud_alert,risk_model_key,dim_risk_model,risk_model_key,many_to_one_optional,synthetic_candidate
fact_fraud_alert,currency_key,dim_currency,currency_key,many_to_one_optional,synthetic_candidate
fact_fraud_alert,branch_key,dim_branch,branch_key,many_to_one_optional,synthetic_candidate
fact_fraud_alert,fraud_rule_key,dim_fraud_rule,fraud_rule_key,many_to_one_optional,synthetic_candidate
fact_fraud_alert,business_date_key,dim_date,date_key,many_to_one_required,synthetic_candidate
fact_aml_alert,customer_key,dim_customer,customer_key,many_to_one_optional,synthetic_candidate
fact_aml_alert,account_key,dim_account,account_key,many_to_one_optional,synthetic_candidate
fact_aml_alert,organization_key,dim_organization,organization_key,many_to_one_optional,synthetic_candidate
fact_aml_alert,jurisdiction_key,dim_jurisdiction,jurisdiction_key,many_to_one_optional,synthetic_candidate
fact_aml_alert,risk_model_key,dim_risk_model,risk_model_key,many_to_one_optional,synthetic_candidate
fact_aml_alert,currency_key,dim_currency,currency_key,many_to_one_optional,synthetic_candidate
fact_aml_alert,branch_key,dim_branch,branch_key,many_to_one_optional,synthetic_candidate
fact_aml_alert,aml_scenario_key,dim_aml_scenario,aml_scenario_key,many_to_one_optional,synthetic_candidate
fact_aml_alert,business_date_key,dim_date,date_key,many_to_one_required,synthetic_candidate
fact_kyc_review,customer_key,dim_customer,customer_key,many_to_one_optional,synthetic_candidate
fact_kyc_review,account_key,dim_account,account_key,many_to_one_optional,synthetic_candidate
fact_kyc_review,organization_key,dim_organization,organization_key,many_to_one_optional,synthetic_candidate
fact_kyc_review,jurisdiction_key,dim_jurisdiction,jurisdiction_key,many_to_one_optional,synthetic_candidate
fact_kyc_review,risk_model_key,dim_risk_model,risk_model_key,many_to_one_optional,synthetic_candidate
fact_kyc_review,currency_key,dim_currency,currency_key,many_to_one_optional,synthetic_candidate
fact_kyc_review,branch_key,dim_branch,branch_key,many_to_one_optional,synthetic_candidate
fact_kyc_review,business_date_key,dim_date,date_key,many_to_one_required,synthetic_candidate
fact_sanctions_screening,customer_key,dim_customer,customer_key,many_to_one_optional,synthetic_candidate
fact_sanctions_screening,account_key,dim_account,account_key,many_to_one_optional,synthetic_candidate
fact_sanctions_screening,organization_key,dim_organization,organization_key,many_to_one_optional,synthetic_candidate
fact_sanctions_screening,jurisdiction_key,dim_jurisdiction,jurisdiction_key,many_to_one_optional,synthetic_candidate
fact_sanctions_screening,risk_model_key,dim_risk_model,risk_model_key,many_to_one_optional,synthetic_candidate
fact_sanctions_screening,currency_key,dim_currency,currency_key,many_to_one_optional,synthetic_candidate
fact_sanctions_screening,branch_key,dim_branch,branch_key,many_to_one_optional,synthetic_candidate
fact_sanctions_screening,business_date_key,dim_date,date_key,many_to_one_required,synthetic_candidate
fact_regulatory_capital_daily,organization_key,dim_organization,organization_key,many_to_one_optional,synthetic_candidate
fact_regulatory_capital_daily,jurisdiction_key,dim_jurisdiction,jurisdiction_key,many_to_one_optional,synthetic_candidate
fact_regulatory_capital_daily,risk_model_key,dim_risk_model,risk_model_key,many_to_one_optional,synthetic_candidate
fact_regulatory_capital_daily,currency_key,dim_currency,currency_key,many_to_one_optional,synthetic_candidate
fact_regulatory_capital_daily,branch_key,dim_branch,branch_key,many_to_one_optional,synthetic_candidate
fact_regulatory_capital_daily,business_date_key,dim_date,date_key,many_to_one_required,synthetic_candidate
fact_stress_test_result,customer_key,dim_customer,customer_key,many_to_one_optional,synthetic_candidate
fact_stress_test_result,account_key,dim_account,account_key,many_to_one_optional,synthetic_candidate
fact_stress_test_result,organization_key,dim_organization,organization_key,many_to_one_optional,synthetic_candidate
fact_stress_test_result,jurisdiction_key,dim_jurisdiction,jurisdiction_key,many_to_one_optional,synthetic_candidate
fact_stress_test_result,risk_model_key,dim_risk_model,risk_model_key,many_to_one_optional,synthetic_candidate
fact_stress_test_result,currency_key,dim_currency,currency_key,many_to_one_optional,synthetic_candidate
fact_stress_test_result,branch_key,dim_branch,branch_key,many_to_one_optional,synthetic_candidate
fact_stress_test_result,business_date_key,dim_date,date_key,many_to_one_required,synthetic_candidate
